Island,Atoll,Rattus_rattus,Ardenna_pacifica,Puffinus_bailloni,Phaethon_lepturus,Phaethon_rubricauda,Sula_dactylatra,Sula_sula,Sula_leucogaster,Fregeta_minor,Fregeta_ariel,Thalasseus_bergii,Sterna_dougallii,Sterna_sumatrana,Sternula_albifrons,Onychoprion_anaethetus,Onychoprion_fuscatus,Anous_stolidus,Anous_tenuirostris,Gygis_alba
Diego_Garcia,Diego_Garcia,P,18,2,6,5,0,8068,0,0,0,14,0,5,5,0,0,400,25,200
West_Island,Diego_Garcia,A,0,0,0,0,0,268,0,0,0,0,0,0,0,8,0,240,0,0
Middle_Island,Diego_Garcia,A,0,0,0,0,0,520,0,0,0,0,0,1,0,0,0,22,10,10
East_Island,Diego_Garcia,A,0,0,0,0,0,1113,3,0,0,0,0,0,0,0,0,34,40,15
Sudest_complex,Egmont_Islands,P,0,0,2,0,0,123,0,0,0,70,0,40,0,0,0,24,0,17
Lubine_complex,Egmont_Islands,P,0,0,0,0,0,1,0,0,0,0,0,30,0,0,0,40,0,30
Danger,Great_Chagos_Bank,A,40,10,0,0,0,3500,141,0,0,0,0,0,0,0,0,45,2400,35
Sea_Cow,Great_Chagos_Bank,A,150,5,0,0,0,1400,0,0,0,5,0,14,0,11,0,140,1200,25
Eagle_Island,Great_Chagos_Bank,P,0,0,1,0,0,10,0,0,0,0,0,0,0,0,0,40,10,20
North_Brother,Great_Chagos_Bank,A,3200,1200,0,0,0,377,740,300,15,10,0,0,0,6,10000,124,600,55
Middle_Brother,Great_Chagos_Bank,A,0,0,0,0,0,77,0,10,0,40,0,8,0,0,32000,80,25,35
Resurgent,Great_Chagos_Bank,A,1,0,0,0,140,0,7,0,0,6,0,0,0,4,0,0,0,0
South_Brother,Great_Chagos_Bank,A,300,400,0,0,0,105,0,0,0,40,0,0,0,2,10000,55,11500,30
Nelson's_Island,Great_Chagos_Bank,A,32,5,0,0,0,3300,25,250,50,0,0,0,0,9,0,650,12000,25
Coin,Peros_Banhos,P,0,0,0,0,0,0,0,0,0,0,0,0,0,0,0,21,10,20
Anglaise,Peros_Banhos,P,0,0,0,0,0,0,0,0,0,0,0,0,0,0,0,20,0,20
Monpatre_complex,Peros_Banhos,P,0,0,0,0,0,0,0,0,0,10,0,1,0,0,0,2,0,2
Poule,Peros_Banhos,P,0,0,1,0,0,0,0,0,0,0,3,2,0,0,0,8,0,2
Petit_Souer,Peros_Banhos,P,0,0,0,0,0,0,0,0,0,0,0,0,0,0,0,5,0,4
Grand_Souer,Peros_Banhos,P,0,0,0,0,0,4,0,0,0,0,0,0,0,0,0,7,0,4
Finon,Peros_Banhos,U,0,0,0,0,0,0,0,0,0,0,0,0,0,0,0,1,0,1
Verte,Peros_Banhos,U,0,0,0,0,0,3,0,0,0,0,0,0,0,0,0,1,0,1
Unnamed_Burtle,Peros_Banhos,U,0,0,0,0,0,0,0,0,0,0,0,0,0,0,0,0,0,1
Manon,Peros_Banhos,U,0,0,0,0,0,3,0,0,0,0,0,0,0,0,0,15,10,5
Pierre,Peros_Banhos,P,0,0,0,0,0,3,0,0,0,0,0,0,0,0,0,7,0,3
Petite_Mapou,Peros_Banhos,P,0,0,0,0,0,22,0,0,0,0,0,0,0,0,0,5,0,2
Grande_Mapou,Peros_Banhos,P,0,0,0,0,0,10,0,0,0,0,0,0,0,0,0,10,15,10
Diamant,Peros_Banhos,P,0,0,0,0,0,12,0,0,0,0,0,0,0,0,0,20,15,10
Passe,Peros_Banhos,P,0,0,0,0,0,54,0,0,0,0,0,0,0,0,0,15,40,15
Moresby,Peros_Banhos,P,0,0,1,0,0,540,0,0,0,14,0,0,0,0,0,45,105,25
Saint_Brandon,Peros_Banhos,A,0,0,0,0,0,0,0,0,0,0,0,1,0,0,0,0,0,0
Parasol,Peros_Banhos,A,0,0,0,0,0,96,1,0,0,0,0,0,0,3,37500,30,140,10
Longue,Peros_Banhos,A,0,0,0,0,0,490,3,0,0,0,0,0,0,0,48000,140,1100,25
Grand_Bois_Mangue,Peros_Banhos,A,0,0,0,0,0,127,0,0,0,0,0,0,0,0,0,50,2000,10
Petite_Bois_Mangue,Peros_Banhos,A,0,0,0,0,0,120,0,0,0,0,0,0,0,0,2000,82,14000,13
Manoel,Peros_Banhos,U,0,0,0,0,0,3,0,0,0,0,0,0,0,0,0,15,10,15
Unnamed_Marlin,Peros_Banhos,A,0,0,0,0,0,0,0,0,0,0,0,3,0,0,0,0,0,0
Yeye,Peros_Banhos,P,0,0,0,0,0,0,0,0,0,0,0,15,0,0,0,32,55,45
Petite_Coquillage,Peros_Banhos,A,0,0,0,0,0,125,0,0,0,0,0,0,0,0,20000,140,1850,20
Grand_Coquillage,Peros_Banhos,A,0,10,0,0,0,750,0,80,5,23,0,0,0,2,38000,125,1500,30
Coin_de_Mire,Peros_Banhos,A,2,0,0,0,24,0,0,0,0,0,4,1,0,21,0,0,0,0
Vache_Marine,Peros_Banhos,E,0,0,0,0,0,0,0,0,0,25,0,0,0,0,0,5,0,7
Fouquet,Peros_Banhos,P,0,0,0,0,0,0,0,0,0,0,0,0,0,0,0,5,0,3
Mapou_de_Coin,Peros_Banhos,P,0,0,0,0,0,0,0,0,0,0,0,0,0,0,0,5,0,5
Boddam,Salomon_Islands,P,0,0,1,0,0,0,0,0,0,0,0,0,0,0,0,25,10,30
Diable,Salomon_Islands,P,0,0,0,0,0,0,0,0,0,0,0,0,0,0,0,1,0,0
Anglaise,Salomon_Islands,P,0,0,0,0,0,0,0,0,0,0,0,1,0,0,0,20,10,15
Passe,Salomon_Islands,A,0,0,2,0,0,27,4,0,0,0,0,0,0,0,0,40,400,25
Mapou,Salomon_Islands,A,0,0,1,0,0,100,0,0,0,0,0,0,0,0,0,60,1600,13
Takamaka,Salomon_Islands,P,0,0,5,0,0,302,0,0,0,0,0,25,0,0,0,65,100,25
Fouquet,Salomon_Islands,P,0,0,1,0,0,17,0,0,0,0,3,53,0,0,0,25,0,10
Sepulture,Salomon_Islands,P,0,0,0,0,0,0,0,0,0,0,0,0,0,0,0,6,0,1
Jacobin,Salomon_Islands,E,0,0,0,0,0,0,0,0,0,0,0,0,0,0,0,5,0,2
Sel,Salomon_Islands,E,0,0,0,0,0,0,0,0,0,0,0,0,0,0,0,3,0,1
Poule,Salomon_Islands,P,0,0,0,0,0,0,0,0,0,25,0,0,0,0,0,1,0,1
